timestamp, name, utilization.gpu [%], utilization.memory [%], memory.total [MiB], memory.free [MiB], memory.used [MiB]
2023/11/10 20:17:38.217, NVIDIA TITAN Xp COLLECTORS EDITION, 0 %, 0 %, 12196 MiB, 12195 MiB, 1 MiB
2023/11/10 20:17:43.219, NVIDIA TITAN Xp COLLECTORS EDITION, 0 %, 0 %, 12196 MiB, 12195 MiB, 1 MiB
2023/11/10 20:17:48.220, NVIDIA TITAN Xp COLLECTORS EDITION, 0 %, 0 %, 12196 MiB, 12195 MiB, 1 MiB
2023/11/10 20:17:53.225, NVIDIA TITAN Xp COLLECTORS EDITION, 0 %, 0 %, 12196 MiB, 12195 MiB, 1 MiB
2023/11/10 20:17:58.226, NVIDIA TITAN Xp COLLECTORS EDITION, 0 %, 0 %, 12196 MiB, 12195 MiB, 1 MiB
2023/11/10 20:18:03.227, NVIDIA TITAN Xp COLLECTORS EDITION, 0 %, 0 %, 12196 MiB, 12195 MiB, 1 MiB
2023/11/10 20:18:08.232, NVIDIA TITAN Xp COLLECTORS EDITION, 0 %, 0 %, 12196 MiB, 12192 MiB, 4 MiB
2023/11/10 20:18:13.234, NVIDIA TITAN Xp COLLECTORS EDITION, 0 %, 0 %, 12196 MiB, 12192 MiB, 4 MiB
2023/11/10 20:18:18.235, NVIDIA TITAN Xp COLLECTORS EDITION, 0 %, 0 %, 12196 MiB, 12192 MiB, 4 MiB
2023/11/10 20:18:23.236, NVIDIA TITAN Xp COLLECTORS EDITION, 0 %, 0 %, 12196 MiB, 12192 MiB, 4 MiB
2023/11/10 20:18:28.238, NVIDIA TITAN Xp COLLECTORS EDITION, 0 %, 0 %, 12196 MiB, 12192 MiB, 4 MiB
2023/11/10 20:18:33.239, NVIDIA TITAN Xp COLLECTORS EDITION, 0 %, 0 %, 12196 MiB, 12192 MiB, 4 MiB
2023/11/10 20:18:38.240, NVIDIA TITAN Xp COLLECTORS EDITION, 0 %, 0 %, 12196 MiB, 12184 MiB, 12 MiB
2023/11/10 20:18:43.244, NVIDIA TITAN Xp COLLECTORS EDITION, 0 %, 0 %, 12196 MiB, 11993 MiB, 203 MiB
2023/11/10 20:18:48.245, NVIDIA TITAN Xp COLLECTORS EDITION, 1 %, 0 %, 12196 MiB, 11899 MiB, 297 MiB
2023/11/10 20:18:53.247, NVIDIA TITAN Xp COLLECTORS EDITION, 1 %, 0 %, 12196 MiB, 11621 MiB, 575 MiB
2023/11/10 20:18:58.248, NVIDIA TITAN Xp COLLECTORS EDITION, 0 %, 0 %, 12196 MiB, 10337 MiB, 1859 MiB
2023/11/10 20:19:03.249, NVIDIA TITAN Xp COLLECTORS EDITION, 0 %, 0 %, 12196 MiB, 10337 MiB, 1859 MiB
2023/11/10 20:19:08.254, NVIDIA TITAN Xp COLLECTORS EDITION, 0 %, 0 %, 12196 MiB, 10337 MiB, 1859 MiB
2023/11/10 20:19:13.255, NVIDIA TITAN Xp COLLECTORS EDITION, 0 %, 0 %, 12196 MiB, 10199 MiB, 1997 MiB
2023/11/10 20:19:18.258, NVIDIA TITAN Xp COLLECTORS EDITION, 26 %, 9 %, 12196 MiB, 8199 MiB, 3997 MiB
2023/11/10 20:19:23.266, NVIDIA TITAN Xp COLLECTORS EDITION, 2 %, 1 %, 12196 MiB, 8089 MiB, 4107 MiB
2023/11/10 20:19:28.267, NVIDIA TITAN Xp COLLECTORS EDITION, 63 %, 15 %, 12196 MiB, 7153 MiB, 5043 MiB
2023/11/10 20:19:33.272, NVIDIA TITAN Xp COLLECTORS EDITION, 10 %, 6 %, 12196 MiB, 6885 MiB, 5311 MiB
2023/11/10 20:19:38.275, NVIDIA TITAN Xp COLLECTORS EDITION, 24 %, 4 %, 12196 MiB, 6885 MiB, 5311 MiB
2023/11/10 20:19:43.276, NVIDIA TITAN Xp COLLECTORS EDITION, 4 %, 1 %, 12196 MiB, 6885 MiB, 5311 MiB
2023/11/10 20:19:48.277, NVIDIA TITAN Xp COLLECTORS EDITION, 24 %, 4 %, 12196 MiB, 6885 MiB, 5311 MiB
2023/11/10 20:19:53.280, NVIDIA TITAN Xp COLLECTORS EDITION, 64 %, 15 %, 12196 MiB, 6885 MiB, 5311 MiB
2023/11/10 20:19:58.281, NVIDIA TITAN Xp COLLECTORS EDITION, 10 %, 6 %, 12196 MiB, 6885 MiB, 5311 MiB
2023/11/10 20:20:03.282, NVIDIA TITAN Xp COLLECTORS EDITION, 23 %, 3 %, 12196 MiB, 6885 MiB, 5311 MiB
2023/11/10 20:20:08.283, NVIDIA TITAN Xp COLLECTORS EDITION, 64 %, 15 %, 12196 MiB, 6885 MiB, 5311 MiB
2023/11/10 20:20:13.287, NVIDIA TITAN Xp COLLECTORS EDITION, 4 %, 1 %, 12196 MiB, 6501 MiB, 5695 MiB
2023/11/10 20:20:18.289, NVIDIA TITAN Xp COLLECTORS EDITION, 28 %, 6 %, 12196 MiB, 6501 MiB, 5695 MiB
2023/11/10 20:20:23.294, NVIDIA TITAN Xp COLLECTORS EDITION, 65 %, 16 %, 12196 MiB, 6501 MiB, 5695 MiB
2023/11/10 20:20:28.295, NVIDIA TITAN Xp COLLECTORS EDITION, 32 %, 13 %, 12196 MiB, 6501 MiB, 5695 MiB
2023/11/10 20:20:33.296, NVIDIA TITAN Xp COLLECTORS EDITION, 4 %, 1 %, 12196 MiB, 6501 MiB, 5695 MiB
2023/11/10 20:20:38.297, NVIDIA TITAN Xp COLLECTORS EDITION, 61 %, 16 %, 12196 MiB, 6501 MiB, 5695 MiB
2023/11/10 20:20:43.298, NVIDIA TITAN Xp COLLECTORS EDITION, 3 %, 1 %, 12196 MiB, 6501 MiB, 5695 MiB
2023/11/10 20:20:48.299, NVIDIA TITAN Xp COLLECTORS EDITION, 2 %, 1 %, 12196 MiB, 6501 MiB, 5695 MiB
2023/11/10 20:20:53.300, NVIDIA TITAN Xp COLLECTORS EDITION, 23 %, 3 %, 12196 MiB, 6501 MiB, 5695 MiB
2023/11/10 20:20:58.304, NVIDIA TITAN Xp COLLECTORS EDITION, 63 %, 16 %, 12196 MiB, 6501 MiB, 5695 MiB
2023/11/10 20:21:03.307, NVIDIA TITAN Xp COLLECTORS EDITION, 3 %, 1 %, 12196 MiB, 6501 MiB, 5695 MiB
2023/11/10 20:21:08.308, NVIDIA TITAN Xp COLLECTORS EDITION, 4 %, 1 %, 12196 MiB, 6501 MiB, 5695 MiB
2023/11/10 20:21:13.309, NVIDIA TITAN Xp COLLECTORS EDITION, 23 %, 4 %, 12196 MiB, 6501 MiB, 5695 MiB
2023/11/10 20:21:18.311, NVIDIA TITAN Xp COLLECTORS EDITION, 14 %, 5 %, 12196 MiB, 6501 MiB, 5695 MiB
2023/11/10 20:21:23.312, NVIDIA TITAN Xp COLLECTORS EDITION, 61 %, 17 %, 12196 MiB, 6501 MiB, 5695 MiB
2023/11/10 20:21:28.313, NVIDIA TITAN Xp COLLECTORS EDITION, 4 %, 3 %, 12196 MiB, 6501 MiB, 5695 MiB
2023/11/10 20:21:33.314, NVIDIA TITAN Xp COLLECTORS EDITION, 4 %, 1 %, 12196 MiB, 6501 MiB, 5695 MiB
2023/11/10 20:21:38.315, NVIDIA TITAN Xp COLLECTORS EDITION, 82 %, 22 %, 12196 MiB, 6501 MiB, 5695 MiB
2023/11/10 20:21:43.317, NVIDIA TITAN Xp COLLECTORS EDITION, 66 %, 14 %, 12196 MiB, 6501 MiB, 5695 MiB
2023/11/10 20:21:48.318, NVIDIA TITAN Xp COLLECTORS EDITION, 12 %, 6 %, 12196 MiB, 6501 MiB, 5695 MiB
2023/11/10 20:21:53.319, NVIDIA TITAN Xp COLLECTORS EDITION, 66 %, 14 %, 12196 MiB, 6501 MiB, 5695 MiB
2023/11/10 20:21:58.320, NVIDIA TITAN Xp COLLECTORS EDITION, 3 %, 1 %, 12196 MiB, 6501 MiB, 5695 MiB
2023/11/10 20:22:03.321, NVIDIA TITAN Xp COLLECTORS EDITION, 13 %, 4 %, 12196 MiB, 6501 MiB, 5695 MiB
2023/11/10 20:22:08.322, NVIDIA TITAN Xp COLLECTORS EDITION, 23 %, 4 %, 12196 MiB, 6501 MiB, 5695 MiB
2023/11/10 20:22:13.323, NVIDIA TITAN Xp COLLECTORS EDITION, 4 %, 1 %, 12196 MiB, 6501 MiB, 5695 MiB
2023/11/10 20:22:18.327, NVIDIA TITAN Xp COLLECTORS EDITION, 58 %, 14 %, 12196 MiB, 6501 MiB, 5695 MiB
2023/11/10 20:22:23.328, NVIDIA TITAN Xp COLLECTORS EDITION, 42 %, 11 %, 12196 MiB, 6501 MiB, 5695 MiB
2023/11/10 20:22:28.329, NVIDIA TITAN Xp COLLECTORS EDITION, 41 %, 14 %, 12196 MiB, 6501 MiB, 5695 MiB
2023/11/10 20:22:33.330, NVIDIA TITAN Xp COLLECTORS EDITION, 63 %, 15 %, 12196 MiB, 6501 MiB, 5695 MiB
2023/11/10 20:22:38.332, NVIDIA TITAN Xp COLLECTORS EDITION, 3 %, 1 %, 12196 MiB, 6501 MiB, 5695 MiB
2023/11/10 20:22:43.333, NVIDIA TITAN Xp COLLECTORS EDITION, 6 %, 3 %, 12196 MiB, 6501 MiB, 5695 MiB
2023/11/10 20:22:48.334, NVIDIA TITAN Xp COLLECTORS EDITION, 9 %, 2 %, 12196 MiB, 6501 MiB, 5695 MiB
2023/11/10 20:22:53.335, NVIDIA TITAN Xp COLLECTORS EDITION, 83 %, 14 %, 12196 MiB, 6501 MiB, 5695 MiB
2023/11/10 20:22:58.336, NVIDIA TITAN Xp COLLECTORS EDITION, 54 %, 16 %, 12196 MiB, 6501 MiB, 5695 MiB
2023/11/10 20:23:03.337, NVIDIA TITAN Xp COLLECTORS EDITION, 3 %, 1 %, 12196 MiB, 6501 MiB, 5695 MiB
2023/11/10 20:23:08.338, NVIDIA TITAN Xp COLLECTORS EDITION, 3 %, 1 %, 12196 MiB, 6501 MiB, 5695 MiB
2023/11/10 20:23:13.339, NVIDIA TITAN Xp COLLECTORS EDITION, 4 %, 1 %, 12196 MiB, 6501 MiB, 5695 MiB
2023/11/10 20:23:18.340, NVIDIA TITAN Xp COLLECTORS EDITION, 64 %, 14 %, 12196 MiB, 6501 MiB, 5695 MiB
2023/11/10 20:23:23.341, NVIDIA TITAN Xp COLLECTORS EDITION, 25 %, 8 %, 12196 MiB, 6501 MiB, 5695 MiB
2023/11/10 20:23:28.342, NVIDIA TITAN Xp COLLECTORS EDITION, 24 %, 4 %, 12196 MiB, 6501 MiB, 5695 MiB
2023/11/10 20:23:33.344, NVIDIA TITAN Xp COLLECTORS EDITION, 68 %, 13 %, 12196 MiB, 6501 MiB, 5695 MiB
2023/11/10 20:23:38.347, NVIDIA TITAN Xp COLLECTORS EDITION, 4 %, 1 %, 12196 MiB, 6501 MiB, 5695 MiB
2023/11/10 20:23:43.348, NVIDIA TITAN Xp COLLECTORS EDITION, 23 %, 4 %, 12196 MiB, 6501 MiB, 5695 MiB
2023/11/10 20:23:48.349, NVIDIA TITAN Xp COLLECTORS EDITION, 88 %, 10 %, 12196 MiB, 6501 MiB, 5695 MiB
2023/11/10 20:23:53.350, NVIDIA TITAN Xp COLLECTORS EDITION, 63 %, 15 %, 12196 MiB, 6501 MiB, 5695 MiB
2023/11/10 20:23:58.353, NVIDIA TITAN Xp COLLECTORS EDITION, 29 %, 12 %, 12196 MiB, 6501 MiB, 5695 MiB
2023/11/10 20:24:03.354, NVIDIA TITAN Xp COLLECTORS EDITION, 4 %, 1 %, 12196 MiB, 6501 MiB, 5695 MiB
2023/11/10 20:24:08.356, NVIDIA TITAN Xp COLLECTORS EDITION, 4 %, 1 %, 12196 MiB, 6501 MiB, 5695 MiB
2023/11/10 20:24:13.357, NVIDIA TITAN Xp COLLECTORS EDITION, 41 %, 9 %, 12196 MiB, 6501 MiB, 5695 MiB
2023/11/10 20:24:18.358, NVIDIA TITAN Xp COLLECTORS EDITION, 3 %, 1 %, 12196 MiB, 6501 MiB, 5695 MiB
2023/11/10 20:24:23.359, NVIDIA TITAN Xp COLLECTORS EDITION, 6 %, 1 %, 12196 MiB, 6501 MiB, 5695 MiB
2023/11/10 20:24:28.360, NVIDIA TITAN Xp COLLECTORS EDITION, 37 %, 15 %, 12196 MiB, 6501 MiB, 5695 MiB
2023/11/10 20:24:33.361, NVIDIA TITAN Xp COLLECTORS EDITION, 62 %, 14 %, 12196 MiB, 6501 MiB, 5695 MiB
2023/11/10 20:24:38.362, NVIDIA TITAN Xp COLLECTORS EDITION, 5 %, 3 %, 12196 MiB, 6501 MiB, 5695 MiB
2023/11/10 20:24:43.363, NVIDIA TITAN Xp COLLECTORS EDITION, 12 %, 7 %, 12196 MiB, 6501 MiB, 5695 MiB
2023/11/10 20:24:48.364, NVIDIA TITAN Xp COLLECTORS EDITION, 24 %, 11 %, 12196 MiB, 6501 MiB, 5695 MiB
2023/11/10 20:24:53.365, NVIDIA TITAN Xp COLLECTORS EDITION, 23 %, 5 %, 12196 MiB, 6501 MiB, 5695 MiB
2023/11/10 20:24:58.370, NVIDIA TITAN Xp COLLECTORS EDITION, 71 %, 29 %, 12196 MiB, 6501 MiB, 5695 MiB
2023/11/10 20:25:03.371, NVIDIA TITAN Xp COLLECTORS EDITION, 73 %, 10 %, 12196 MiB, 6501 MiB, 5695 MiB
2023/11/10 20:25:08.372, NVIDIA TITAN Xp COLLECTORS EDITION, 64 %, 12 %, 12196 MiB, 6501 MiB, 5695 MiB
2023/11/10 20:25:13.373, NVIDIA TITAN Xp COLLECTORS EDITION, 6 %, 3 %, 12196 MiB, 6501 MiB, 5695 MiB
2023/11/10 20:25:18.374, NVIDIA TITAN Xp COLLECTORS EDITION, 4 %, 1 %, 12196 MiB, 6501 MiB, 5695 MiB
2023/11/10 20:25:23.375, NVIDIA TITAN Xp COLLECTORS EDITION, 53 %, 28 %, 12196 MiB, 6501 MiB, 5695 MiB
2023/11/10 20:25:28.377, NVIDIA TITAN Xp COLLECTORS EDITION, 65 %, 15 %, 12196 MiB, 6501 MiB, 5695 MiB
2023/11/10 20:25:33.378, NVIDIA TITAN Xp COLLECTORS EDITION, 3 %, 1 %, 12196 MiB, 6501 MiB, 5695 MiB
2023/11/10 20:25:38.379, NVIDIA TITAN Xp COLLECTORS EDITION, 11 %, 5 %, 12196 MiB, 6501 MiB, 5695 MiB
2023/11/10 20:25:43.380, NVIDIA TITAN Xp COLLECTORS EDITION, 31 %, 9 %, 12196 MiB, 6501 MiB, 5695 MiB
2023/11/10 20:25:48.386, NVIDIA TITAN Xp COLLECTORS EDITION, 65 %, 17 %, 12196 MiB, 6459 MiB, 5737 MiB
2023/11/10 20:25:53.389, NVIDIA TITAN Xp COLLECTORS EDITION, 4 %, 1 %, 12196 MiB, 6243 MiB, 5953 MiB
2023/11/10 20:25:58.393, NVIDIA TITAN Xp COLLECTORS EDITION, 82 %, 20 %, 12196 MiB, 6243 MiB, 5953 MiB
2023/11/10 20:26:03.398, NVIDIA TITAN Xp COLLECTORS EDITION, 63 %, 11 %, 12196 MiB, 6243 MiB, 5953 MiB
2023/11/10 20:26:08.399, NVIDIA TITAN Xp COLLECTORS EDITION, 21 %, 7 %, 12196 MiB, 6243 MiB, 5953 MiB
2023/11/10 20:26:13.403, NVIDIA TITAN Xp COLLECTORS EDITION, 58 %, 16 %, 12196 MiB, 6243 MiB, 5953 MiB
2023/11/10 20:26:18.404, NVIDIA TITAN Xp COLLECTORS EDITION, 3 %, 1 %, 12196 MiB, 6243 MiB, 5953 MiB
2023/11/10 20:26:23.405, NVIDIA TITAN Xp COLLECTORS EDITION, 19 %, 4 %, 12196 MiB, 6243 MiB, 5953 MiB
2023/11/10 20:26:28.411, NVIDIA TITAN Xp COLLECTORS EDITION, 24 %, 3 %, 12196 MiB, 6243 MiB, 5953 MiB
2023/11/10 20:26:33.412, NVIDIA TITAN Xp COLLECTORS EDITION, 16 %, 5 %, 12196 MiB, 6243 MiB, 5953 MiB
2023/11/10 20:26:38.413, NVIDIA TITAN Xp COLLECTORS EDITION, 23 %, 4 %, 12196 MiB, 6243 MiB, 5953 MiB
2023/11/10 20:26:43.414, NVIDIA TITAN Xp COLLECTORS EDITION, 80 %, 23 %, 12196 MiB, 6243 MiB, 5953 MiB
2023/11/10 20:26:48.415, NVIDIA TITAN Xp COLLECTORS EDITION, 60 %, 13 %, 12196 MiB, 6243 MiB, 5953 MiB
2023/11/10 20:26:53.416, NVIDIA TITAN Xp COLLECTORS EDITION, 24 %, 8 %, 12196 MiB, 6243 MiB, 5953 MiB
2023/11/10 20:26:58.417, NVIDIA TITAN Xp COLLECTORS EDITION, 65 %, 14 %, 12196 MiB, 6243 MiB, 5953 MiB
2023/11/10 20:27:03.418, NVIDIA TITAN Xp COLLECTORS EDITION, 11 %, 5 %, 12196 MiB, 6243 MiB, 5953 MiB
2023/11/10 20:27:08.419, NVIDIA TITAN Xp COLLECTORS EDITION, 23 %, 3 %, 12196 MiB, 6243 MiB, 5953 MiB
2023/11/10 20:27:13.420, NVIDIA TITAN Xp COLLECTORS EDITION, 4 %, 1 %, 12196 MiB, 6243 MiB, 5953 MiB
2023/11/10 20:27:18.421, NVIDIA TITAN Xp COLLECTORS EDITION, 37 %, 15 %, 12196 MiB, 6243 MiB, 5953 MiB
2023/11/10 20:27:23.422, NVIDIA TITAN Xp COLLECTORS EDITION, 62 %, 15 %, 12196 MiB, 6243 MiB, 5953 MiB
2023/11/10 20:27:28.423, NVIDIA TITAN Xp COLLECTORS EDITION, 4 %, 1 %, 12196 MiB, 6243 MiB, 5953 MiB
2023/11/10 20:27:33.425, NVIDIA TITAN Xp COLLECTORS EDITION, 3 %, 1 %, 12196 MiB, 6195 MiB, 6001 MiB
2023/11/10 20:27:38.426, NVIDIA TITAN Xp COLLECTORS EDITION, 62 %, 16 %, 12196 MiB, 6195 MiB, 6001 MiB
2023/11/10 20:27:43.437, NVIDIA TITAN Xp COLLECTORS EDITION, 3 %, 1 %, 12196 MiB, 6185 MiB, 6011 MiB
2023/11/10 20:27:48.440, NVIDIA TITAN Xp COLLECTORS EDITION, 63 %, 40 %, 12196 MiB, 6185 MiB, 6011 MiB
2023/11/10 20:27:53.441, NVIDIA TITAN Xp COLLECTORS EDITION, 60 %, 13 %, 12196 MiB, 6185 MiB, 6011 MiB
2023/11/10 20:27:58.450, NVIDIA TITAN Xp COLLECTORS EDITION, 4 %, 1 %, 12196 MiB, 6185 MiB, 6011 MiB
2023/11/10 20:28:03.451, NVIDIA TITAN Xp COLLECTORS EDITION, 65 %, 39 %, 12196 MiB, 6185 MiB, 6011 MiB
2023/11/10 20:28:08.452, NVIDIA TITAN Xp COLLECTORS EDITION, 65 %, 15 %, 12196 MiB, 6185 MiB, 6011 MiB
2023/11/10 20:28:13.453, NVIDIA TITAN Xp COLLECTORS EDITION, 64 %, 14 %, 12196 MiB, 6185 MiB, 6011 MiB
2023/11/10 20:28:18.456, NVIDIA TITAN Xp COLLECTORS EDITION, 10 %, 4 %, 12196 MiB, 6185 MiB, 6011 MiB
2023/11/10 20:28:23.457, NVIDIA TITAN Xp COLLECTORS EDITION, 21 %, 5 %, 12196 MiB, 6185 MiB, 6011 MiB
2023/11/10 20:28:28.458, NVIDIA TITAN Xp COLLECTORS EDITION, 69 %, 15 %, 12196 MiB, 6119 MiB, 6077 MiB
2023/11/10 20:28:33.459, NVIDIA TITAN Xp COLLECTORS EDITION, 36 %, 16 %, 12196 MiB, 5983 MiB, 6213 MiB
2023/11/10 20:28:38.460, NVIDIA TITAN Xp COLLECTORS EDITION, 11 %, 5 %, 12196 MiB, 5983 MiB, 6213 MiB
2023/11/10 20:28:43.463, NVIDIA TITAN Xp COLLECTORS EDITION, 23 %, 4 %, 12196 MiB, 5983 MiB, 6213 MiB
2023/11/10 20:28:48.464, NVIDIA TITAN Xp COLLECTORS EDITION, 61 %, 16 %, 12196 MiB, 5983 MiB, 6213 MiB
2023/11/10 20:28:53.465, NVIDIA TITAN Xp COLLECTORS EDITION, 3 %, 1 %, 12196 MiB, 5983 MiB, 6213 MiB
2023/11/10 20:28:58.466, NVIDIA TITAN Xp COLLECTORS EDITION, 66 %, 16 %, 12196 MiB, 5983 MiB, 6213 MiB
2023/11/10 20:29:03.468, NVIDIA TITAN Xp COLLECTORS EDITION, 4 %, 1 %, 12196 MiB, 5983 MiB, 6213 MiB
2023/11/10 20:29:08.472, NVIDIA TITAN Xp COLLECTORS EDITION, 23 %, 4 %, 12196 MiB, 5983 MiB, 6213 MiB
2023/11/10 20:29:13.473, NVIDIA TITAN Xp COLLECTORS EDITION, 63 %, 14 %, 12196 MiB, 5983 MiB, 6213 MiB
2023/11/10 20:29:18.476, NVIDIA TITAN Xp COLLECTORS EDITION, 7 %, 3 %, 12196 MiB, 5983 MiB, 6213 MiB
2023/11/10 20:29:23.477, NVIDIA TITAN Xp COLLECTORS EDITION, 70 %, 30 %, 12196 MiB, 5983 MiB, 6213 MiB
2023/11/10 20:29:28.479, NVIDIA TITAN Xp COLLECTORS EDITION, 59 %, 12 %, 12196 MiB, 5983 MiB, 6213 MiB
2023/11/10 20:29:33.480, NVIDIA TITAN Xp COLLECTORS EDITION, 63 %, 14 %, 12196 MiB, 5983 MiB, 6213 MiB
2023/11/10 20:29:38.481, NVIDIA TITAN Xp COLLECTORS EDITION, 33 %, 13 %, 12196 MiB, 5983 MiB, 6213 MiB
2023/11/10 20:29:43.482, NVIDIA TITAN Xp COLLECTORS EDITION, 87 %, 11 %, 12196 MiB, 5983 MiB, 6213 MiB
2023/11/10 20:29:48.483, NVIDIA TITAN Xp COLLECTORS EDITION, 64 %, 13 %, 12196 MiB, 5983 MiB, 6213 MiB
2023/11/10 20:29:53.484, NVIDIA TITAN Xp COLLECTORS EDITION, 3 %, 1 %, 12196 MiB, 5983 MiB, 6213 MiB
2023/11/10 20:29:58.485, NVIDIA TITAN Xp COLLECTORS EDITION, 4 %, 1 %, 12196 MiB, 5983 MiB, 6213 MiB
2023/11/10 20:30:03.486, NVIDIA TITAN Xp COLLECTORS EDITION, 0 %, 0 %, 12196 MiB, 5983 MiB, 6213 MiB
2023/11/10 20:30:08.487, NVIDIA TITAN Xp COLLECTORS EDITION, 67 %, 15 %, 12196 MiB, 5983 MiB, 6213 MiB
2023/11/10 20:30:13.488, NVIDIA TITAN Xp COLLECTORS EDITION, 5 %, 3 %, 12196 MiB, 5983 MiB, 6213 MiB
2023/11/10 20:30:18.489, NVIDIA TITAN Xp COLLECTORS EDITION, 4 %, 1 %, 12196 MiB, 5983 MiB, 6213 MiB
2023/11/10 20:30:23.491, NVIDIA TITAN Xp COLLECTORS EDITION, 67 %, 14 %, 12196 MiB, 5983 MiB, 6213 MiB
2023/11/10 20:30:28.492, NVIDIA TITAN Xp COLLECTORS EDITION, 3 %, 1 %, 12196 MiB, 5983 MiB, 6213 MiB
2023/11/10 20:30:33.495, NVIDIA TITAN Xp COLLECTORS EDITION, 10 %, 0 %, 12196 MiB, 5983 MiB, 6213 MiB
2023/11/10 20:30:38.496, NVIDIA TITAN Xp COLLECTORS EDITION, 0 %, 0 %, 12196 MiB, 5983 MiB, 6213 MiB
2023/11/10 20:30:43.497, NVIDIA TITAN Xp COLLECTORS EDITION, 0 %, 0 %, 12196 MiB, 5983 MiB, 6213 MiB
2023/11/10 20:30:48.498, NVIDIA TITAN Xp COLLECTORS EDITION, 0 %, 0 %, 12196 MiB, 5983 MiB, 6213 MiB
2023/11/10 20:30:53.501, NVIDIA TITAN Xp COLLECTORS EDITION, 0 %, 0 %, 12196 MiB, 5983 MiB, 6213 MiB
2023/11/10 20:30:58.502, NVIDIA TITAN Xp COLLECTORS EDITION, 0 %, 0 %, 12196 MiB, 5983 MiB, 6213 MiB
2023/11/10 20:31:03.503, NVIDIA TITAN Xp COLLECTORS EDITION, 94 %, 40 %, 12196 MiB, 2335 MiB, 9861 MiB
2023/11/10 20:31:08.504, NVIDIA TITAN Xp COLLECTORS EDITION, 95 %, 49 %, 12196 MiB, 2335 MiB, 9861 MiB
2023/11/10 20:31:13.505, NVIDIA TITAN Xp COLLECTORS EDITION, 98 %, 40 %, 12196 MiB, 2335 MiB, 9861 MiB
2023/11/10 20:31:18.506, NVIDIA TITAN Xp COLLECTORS EDITION, 91 %, 51 %, 12196 MiB, 2335 MiB, 9861 MiB
2023/11/10 20:31:23.520, NVIDIA TITAN Xp COLLECTORS EDITION, 93 %, 51 %, 12196 MiB, 2335 MiB, 9861 MiB
2023/11/10 20:31:28.521, NVIDIA TITAN Xp COLLECTORS EDITION, 88 %, 63 %, 12196 MiB, 2335 MiB, 9861 MiB
2023/11/10 20:31:33.522, NVIDIA TITAN Xp COLLECTORS EDITION, 91 %, 49 %, 12196 MiB, 2335 MiB, 9861 MiB
2023/11/10 20:31:38.523, NVIDIA TITAN Xp COLLECTORS EDITION, 91 %, 49 %, 12196 MiB, 2335 MiB, 9861 MiB
2023/11/10 20:31:43.524, NVIDIA TITAN Xp COLLECTORS EDITION, 60 %, 32 %, 12196 MiB, 2335 MiB, 9861 MiB
2023/11/10 20:31:48.525, NVIDIA TITAN Xp COLLECTORS EDITION, 91 %, 51 %, 12196 MiB, 2335 MiB, 9861 MiB
2023/11/10 20:31:53.528, NVIDIA TITAN Xp COLLECTORS EDITION, 96 %, 51 %, 12196 MiB, 2335 MiB, 9861 MiB
2023/11/10 20:31:58.531, NVIDIA TITAN Xp COLLECTORS EDITION, 93 %, 41 %, 12196 MiB, 2335 MiB, 9861 MiB
2023/11/10 20:32:03.533, NVIDIA TITAN Xp COLLECTORS EDITION, 92 %, 50 %, 12196 MiB, 2335 MiB, 9861 MiB
2023/11/10 20:32:08.534, NVIDIA TITAN Xp COLLECTORS EDITION, 75 %, 61 %, 12196 MiB, 2335 MiB, 9861 MiB
2023/11/10 20:32:13.535, NVIDIA TITAN Xp COLLECTORS EDITION, 91 %, 49 %, 12196 MiB, 2335 MiB, 9861 MiB
2023/11/10 20:32:18.536, NVIDIA TITAN Xp COLLECTORS EDITION, 42 %, 23 %, 12196 MiB, 2335 MiB, 9861 MiB
2023/11/10 20:32:23.538, NVIDIA TITAN Xp COLLECTORS EDITION, 91 %, 50 %, 12196 MiB, 2335 MiB, 9861 MiB
2023/11/10 20:32:28.539, NVIDIA TITAN Xp COLLECTORS EDITION, 95 %, 50 %, 12196 MiB, 2335 MiB, 9861 MiB
2023/11/10 20:32:33.540, NVIDIA TITAN Xp COLLECTORS EDITION, 93 %, 43 %, 12196 MiB, 2335 MiB, 9861 MiB
2023/11/10 20:32:38.541, NVIDIA TITAN Xp COLLECTORS EDITION, 95 %, 51 %, 12196 MiB, 2335 MiB, 9861 MiB
2023/11/10 20:32:43.542, NVIDIA TITAN Xp COLLECTORS EDITION, 99 %, 42 %, 12196 MiB, 2335 MiB, 9861 MiB
2023/11/10 20:32:48.543, NVIDIA TITAN Xp COLLECTORS EDITION, 91 %, 50 %, 12196 MiB, 2335 MiB, 9861 MiB
2023/11/10 20:32:53.544, NVIDIA TITAN Xp COLLECTORS EDITION, 20 %, 6 %, 12196 MiB, 2335 MiB, 9861 MiB
2023/11/10 20:32:58.546, NVIDIA TITAN Xp COLLECTORS EDITION, 91 %, 49 %, 12196 MiB, 2335 MiB, 9861 MiB
2023/11/10 20:33:03.551, NVIDIA TITAN Xp COLLECTORS EDITION, 51 %, 28 %, 12196 MiB, 2335 MiB, 9861 MiB
2023/11/10 20:33:08.552, NVIDIA TITAN Xp COLLECTORS EDITION, 91 %, 44 %, 12196 MiB, 2335 MiB, 9861 MiB
2023/11/10 20:33:13.553, NVIDIA TITAN Xp COLLECTORS EDITION, 94 %, 50 %, 12196 MiB, 2335 MiB, 9861 MiB
2023/11/10 20:33:18.557, NVIDIA TITAN Xp COLLECTORS EDITION, 96 %, 58 %, 12196 MiB, 2335 MiB, 9861 MiB
2023/11/10 20:33:23.558, NVIDIA TITAN Xp COLLECTORS EDITION, 90 %, 50 %, 12196 MiB, 2335 MiB, 9861 MiB
2023/11/10 20:33:28.559, NVIDIA TITAN Xp COLLECTORS EDITION, 87 %, 65 %, 12196 MiB, 2335 MiB, 9861 MiB
2023/11/10 20:33:33.560, NVIDIA TITAN Xp COLLECTORS EDITION, 91 %, 50 %, 12196 MiB, 2335 MiB, 9861 MiB
2023/11/10 20:33:38.561, NVIDIA TITAN Xp COLLECTORS EDITION, 38 %, 15 %, 12196 MiB, 2335 MiB, 9861 MiB
2023/11/10 20:33:43.562, NVIDIA TITAN Xp COLLECTORS EDITION, 91 %, 49 %, 12196 MiB, 2335 MiB, 9861 MiB
2023/11/10 20:33:48.563, NVIDIA TITAN Xp COLLECTORS EDITION, 81 %, 45 %, 12196 MiB, 2335 MiB, 9861 MiB
2023/11/10 20:33:53.569, NVIDIA TITAN Xp COLLECTORS EDITION, 91 %, 48 %, 12196 MiB, 2335 MiB, 9861 MiB
2023/11/10 20:33:58.570, NVIDIA TITAN Xp COLLECTORS EDITION, 91 %, 50 %, 12196 MiB, 2335 MiB, 9861 MiB
2023/11/10 20:34:03.573, NVIDIA TITAN Xp COLLECTORS EDITION, 87 %, 62 %, 12196 MiB, 2335 MiB, 9861 MiB
2023/11/10 20:34:08.575, NVIDIA TITAN Xp COLLECTORS EDITION, 91 %, 50 %, 12196 MiB, 2335 MiB, 9861 MiB
2023/11/10 20:34:13.576, NVIDIA TITAN Xp COLLECTORS EDITION, 64 %, 47 %, 12196 MiB, 2335 MiB, 9861 MiB
2023/11/10 20:34:18.579, NVIDIA TITAN Xp COLLECTORS EDITION, 91 %, 49 %, 12196 MiB, 2335 MiB, 9861 MiB
2023/11/10 20:34:23.582, NVIDIA TITAN Xp COLLECTORS EDITION, 54 %, 27 %, 12196 MiB, 2335 MiB, 9861 MiB
2023/11/10 20:34:28.586, NVIDIA TITAN Xp COLLECTORS EDITION, 91 %, 50 %, 12196 MiB, 2335 MiB, 9861 MiB
2023/11/10 20:34:33.588, NVIDIA TITAN Xp COLLECTORS EDITION, 70 %, 38 %, 12196 MiB, 2335 MiB, 9861 MiB
2023/11/10 20:34:38.591, NVIDIA TITAN Xp COLLECTORS EDITION, 90 %, 45 %, 12196 MiB, 2335 MiB, 9861 MiB
2023/11/10 20:34:43.592, NVIDIA TITAN Xp COLLECTORS EDITION, 94 %, 51 %, 12196 MiB, 2335 MiB, 9861 MiB
2023/11/10 20:34:48.593, NVIDIA TITAN Xp COLLECTORS EDITION, 99 %, 49 %, 12196 MiB, 2335 MiB, 9861 MiB
2023/11/10 20:34:53.595, NVIDIA TITAN Xp COLLECTORS EDITION, 91 %, 50 %, 12196 MiB, 2335 MiB, 9861 MiB
2023/11/10 20:34:58.596, NVIDIA TITAN Xp COLLECTORS EDITION, 28 %, 15 %, 12196 MiB, 2335 MiB, 9861 MiB
2023/11/10 20:35:03.597, NVIDIA TITAN Xp COLLECTORS EDITION, 93 %, 50 %, 12196 MiB, 2335 MiB, 9861 MiB
2023/11/10 20:35:08.598, NVIDIA TITAN Xp COLLECTORS EDITION, 96 %, 50 %, 12196 MiB, 2335 MiB, 9861 MiB
2023/11/10 20:35:13.600, NVIDIA TITAN Xp COLLECTORS EDITION, 92 %, 51 %, 12196 MiB, 2335 MiB, 9861 MiB
2023/11/10 20:35:18.602, NVIDIA TITAN Xp COLLECTORS EDITION, 87 %, 62 %, 12196 MiB, 2335 MiB, 9861 MiB
2023/11/10 20:35:23.603, NVIDIA TITAN Xp COLLECTORS EDITION, 91 %, 49 %, 12196 MiB, 2335 MiB, 9861 MiB
2023/11/10 20:35:28.605, NVIDIA TITAN Xp COLLECTORS EDITION, 59 %, 42 %, 12196 MiB, 2335 MiB, 9861 MiB
2023/11/10 20:35:33.606, NVIDIA TITAN Xp COLLECTORS EDITION, 91 %, 50 %, 12196 MiB, 2335 MiB, 9861 MiB
2023/11/10 20:35:38.608, NVIDIA TITAN Xp COLLECTORS EDITION, 86 %, 62 %, 12196 MiB, 2335 MiB, 9861 MiB
2023/11/10 20:35:43.612, NVIDIA TITAN Xp COLLECTORS EDITION, 92 %, 50 %, 12196 MiB, 2335 MiB, 9861 MiB
2023/11/10 20:35:48.617, NVIDIA TITAN Xp COLLECTORS EDITION, 0 %, 0 %, 12196 MiB, 2335 MiB, 9861 MiB
2023/11/10 20:35:53.618, NVIDIA TITAN Xp COLLECTORS EDITION, 0 %, 0 %, 12196 MiB, 2335 MiB, 9861 MiB
2023/11/10 20:35:58.619, NVIDIA TITAN Xp COLLECTORS EDITION, 0 %, 0 %, 12196 MiB, 2335 MiB, 9861 MiB
2023/11/10 20:36:03.620, NVIDIA TITAN Xp COLLECTORS EDITION, 0 %, 0 %, 12196 MiB, 2335 MiB, 9861 MiB
2023/11/10 20:36:08.620, NVIDIA TITAN Xp COLLECTORS EDITION, 0 %, 0 %, 12196 MiB, 2335 MiB, 9861 MiB
2023/11/10 20:36:13.621, NVIDIA TITAN Xp COLLECTORS EDITION, 0 %, 0 %, 12196 MiB, 2335 MiB, 9861 MiB
2023/11/10 20:36:18.625, NVIDIA TITAN Xp COLLECTORS EDITION, 0 %, 0 %, 12196 MiB, 2335 MiB, 9861 MiB
2023/11/10 20:36:23.626, NVIDIA TITAN Xp COLLECTORS EDITION, 0 %, 0 %, 12196 MiB, 2335 MiB, 9861 MiB
2023/11/10 20:36:28.627, NVIDIA TITAN Xp COLLECTORS EDITION, 0 %, 0 %, 12196 MiB, 2335 MiB, 9861 MiB
2023/11/10 20:36:33.628, NVIDIA TITAN Xp COLLECTORS EDITION, 0 %, 0 %, 12196 MiB, 2335 MiB, 9861 MiB
2023/11/10 20:36:38.631, NVIDIA TITAN Xp COLLECTORS EDITION, 0 %, 0 %, 12196 MiB, 2335 MiB, 9861 MiB
2023/11/10 20:36:43.632, NVIDIA TITAN Xp COLLECTORS EDITION, 0 %, 0 %, 12196 MiB, 2335 MiB, 9861 MiB
2023/11/10 20:36:48.633, NVIDIA TITAN Xp COLLECTORS EDITION, 0 %, 0 %, 12196 MiB, 2335 MiB, 9861 MiB
2023/11/10 20:36:53.634, NVIDIA TITAN Xp COLLECTORS EDITION, 0 %, 0 %, 12196 MiB, 2335 MiB, 9861 MiB
2023/11/10 20:36:58.635, NVIDIA TITAN Xp COLLECTORS EDITION, 0 %, 0 %, 12196 MiB, 2335 MiB, 9861 MiB
2023/11/10 20:37:03.636, NVIDIA TITAN Xp COLLECTORS EDITION, 0 %, 0 %, 12196 MiB, 2335 MiB, 9861 MiB
2023/11/10 20:37:08.641, NVIDIA TITAN Xp COLLECTORS EDITION, 0 %, 0 %, 12196 MiB, 2335 MiB, 9861 MiB
2023/11/10 20:37:13.642, NVIDIA TITAN Xp COLLECTORS EDITION, 0 %, 0 %, 12196 MiB, 2335 MiB, 9861 MiB
2023/11/10 20:37:18.643, NVIDIA TITAN Xp COLLECTORS EDITION, 0 %, 0 %, 12196 MiB, 2335 MiB, 9861 MiB
2023/11/10 20:37:23.645, NVIDIA TITAN Xp COLLECTORS EDITION, 0 %, 0 %, 12196 MiB, 2335 MiB, 9861 MiB
2023/11/10 20:37:28.646, NVIDIA TITAN Xp COLLECTORS EDITION, 0 %, 0 %, 12196 MiB, 2335 MiB, 9861 MiB
2023/11/10 20:37:33.651, NVIDIA TITAN Xp COLLECTORS EDITION, 0 %, 0 %, 12196 MiB, 2335 MiB, 9861 MiB
2023/11/10 20:37:38.663, NVIDIA TITAN Xp COLLECTORS EDITION, 0 %, 0 %, 12196 MiB, 2335 MiB, 9861 MiB
2023/11/10 20:37:43.664, NVIDIA TITAN Xp COLLECTORS EDITION, 0 %, 0 %, 12196 MiB, 2335 MiB, 9861 MiB
2023/11/10 20:37:48.665, NVIDIA TITAN Xp COLLECTORS EDITION, 0 %, 0 %, 12196 MiB, 2335 MiB, 9861 MiB
2023/11/10 20:37:53.666, NVIDIA TITAN Xp COLLECTORS EDITION, 0 %, 0 %, 12196 MiB, 2335 MiB, 9861 MiB
2023/11/10 20:37:58.667, NVIDIA TITAN Xp COLLECTORS EDITION, 0 %, 0 %, 12196 MiB, 2335 MiB, 9861 MiB
2023/11/10 20:38:03.676, NVIDIA TITAN Xp COLLECTORS EDITION, 0 %, 0 %, 12196 MiB, 2335 MiB, 9861 MiB
2023/11/10 20:38:08.684, NVIDIA TITAN Xp COLLECTORS EDITION, 0 %, 0 %, 12196 MiB, 2335 MiB, 9861 MiB
2023/11/10 20:38:13.685, NVIDIA TITAN Xp COLLECTORS EDITION, 0 %, 0 %, 12196 MiB, 2335 MiB, 9861 MiB
2023/11/10 20:38:18.686, NVIDIA TITAN Xp COLLECTORS EDITION, 0 %, 0 %, 12196 MiB, 2335 MiB, 9861 MiB
2023/11/10 20:38:23.691, NVIDIA TITAN Xp COLLECTORS EDITION, 0 %, 0 %, 12196 MiB, 2335 MiB, 9861 MiB
2023/11/10 20:38:28.692, NVIDIA TITAN Xp COLLECTORS EDITION, 0 %, 0 %, 12196 MiB, 2335 MiB, 9861 MiB
2023/11/10 20:38:34.052, NVIDIA TITAN Xp COLLECTORS EDITION, 0 %, 0 %, 12196 MiB, 2335 MiB, 9861 MiB
2023/11/10 20:38:39.053, NVIDIA TITAN Xp COLLECTORS EDITION, 0 %, 0 %, 12196 MiB, 2335 MiB, 9861 MiB
2023/11/10 20:38:44.054, NVIDIA TITAN Xp COLLECTORS EDITION, 0 %, 0 %, 12196 MiB, 2335 MiB, 9861 MiB
2023/11/10 20:38:49.055, NVIDIA TITAN Xp COLLECTORS EDITION, 0 %, 0 %, 12196 MiB, 2335 MiB, 9861 MiB
2023/11/10 20:38:54.056, NVIDIA TITAN Xp COLLECTORS EDITION, 0 %, 0 %, 12196 MiB, 2335 MiB, 9861 MiB
2023/11/10 20:38:59.057, NVIDIA TITAN Xp COLLECTORS EDITION, 0 %, 0 %, 12196 MiB, 2335 MiB, 9861 MiB
2023/11/10 20:39:04.058, NVIDIA TITAN Xp COLLECTORS EDITION, 0 %, 0 %, 12196 MiB, 2335 MiB, 9861 MiB
2023/11/10 20:39:09.059, NVIDIA TITAN Xp COLLECTORS EDITION, 0 %, 0 %, 12196 MiB, 2335 MiB, 9861 MiB
2023/11/10 20:39:14.061, NVIDIA TITAN Xp COLLECTORS EDITION, 0 %, 0 %, 12196 MiB, 2335 MiB, 9861 MiB
2023/11/10 20:39:19.061, NVIDIA TITAN Xp COLLECTORS EDITION, 0 %, 0 %, 12196 MiB, 2335 MiB, 9861 MiB
2023/11/10 20:39:24.063, NVIDIA TITAN Xp COLLECTORS EDITION, 0 %, 0 %, 12196 MiB, 2335 MiB, 9861 MiB
2023/11/10 20:39:29.064, NVIDIA TITAN Xp COLLECTORS EDITION, 0 %, 0 %, 12196 MiB, 2335 MiB, 9861 MiB
2023/11/10 20:39:34.065, NVIDIA TITAN Xp COLLECTORS EDITION, 0 %, 0 %, 12196 MiB, 2335 MiB, 9861 MiB
2023/11/10 20:39:39.068, NVIDIA TITAN Xp COLLECTORS EDITION, 0 %, 0 %, 12196 MiB, 2335 MiB, 9861 MiB
2023/11/10 20:39:44.069, NVIDIA TITAN Xp COLLECTORS EDITION, 0 %, 0 %, 12196 MiB, 2335 MiB, 9861 MiB
2023/11/10 20:39:49.070, NVIDIA TITAN Xp COLLECTORS EDITION, 0 %, 0 %, 12196 MiB, 2335 MiB, 9861 MiB
2023/11/10 20:39:54.071, NVIDIA TITAN Xp COLLECTORS EDITION, 0 %, 0 %, 12196 MiB, 2335 MiB, 9861 MiB
2023/11/10 20:39:59.072, NVIDIA TITAN Xp COLLECTORS EDITION, 0 %, 0 %, 12196 MiB, 2335 MiB, 9861 MiB
2023/11/10 20:40:04.073, NVIDIA TITAN Xp COLLECTORS EDITION, 0 %, 0 %, 12196 MiB, 2335 MiB, 9861 MiB
2023/11/10 20:40:09.083, NVIDIA TITAN Xp COLLECTORS EDITION, 0 %, 0 %, 12196 MiB, 2335 MiB, 9861 MiB
2023/11/10 20:40:14.084, NVIDIA TITAN Xp COLLECTORS EDITION, 0 %, 0 %, 12196 MiB, 2335 MiB, 9861 MiB
2023/11/10 20:40:19.085, NVIDIA TITAN Xp COLLECTORS EDITION, 0 %, 0 %, 12196 MiB, 2335 MiB, 9861 MiB
2023/11/10 20:40:24.086, NVIDIA TITAN Xp COLLECTORS EDITION, 0 %, 0 %, 12196 MiB, 2335 MiB, 9861 MiB
2023/11/10 20:40:29.088, NVIDIA TITAN Xp COLLECTORS EDITION, 0 %, 0 %, 12196 MiB, 2335 MiB, 9861 MiB
2023/11/10 20:40:34.089, NVIDIA TITAN Xp COLLECTORS EDITION, 0 %, 0 %, 12196 MiB, 2335 MiB, 9861 MiB
2023/11/10 20:40:39.091, NVIDIA TITAN Xp COLLECTORS EDITION, 0 %, 0 %, 12196 MiB, 2335 MiB, 9861 MiB
2023/11/10 20:40:44.092, NVIDIA TITAN Xp COLLECTORS EDITION, 0 %, 0 %, 12196 MiB, 2335 MiB, 9861 MiB
2023/11/10 20:40:49.093, NVIDIA TITAN Xp COLLECTORS EDITION, 0 %, 0 %, 12196 MiB, 2335 MiB, 9861 MiB
2023/11/10 20:40:54.094, NVIDIA TITAN Xp COLLECTORS EDITION, 0 %, 0 %, 12196 MiB, 2335 MiB, 9861 MiB
2023/11/10 20:40:59.095, NVIDIA TITAN Xp COLLECTORS EDITION, 0 %, 0 %, 12196 MiB, 2335 MiB, 9861 MiB
2023/11/10 20:41:04.096, NVIDIA TITAN Xp COLLECTORS EDITION, 0 %, 0 %, 12196 MiB, 2335 MiB, 9861 MiB
2023/11/10 20:41:09.098, NVIDIA TITAN Xp COLLECTORS EDITION, 0 %, 0 %, 12196 MiB, 2335 MiB, 9861 MiB
2023/11/10 20:41:14.098, NVIDIA TITAN Xp COLLECTORS EDITION, 0 %, 0 %, 12196 MiB, 2335 MiB, 9861 MiB
2023/11/10 20:41:19.101, NVIDIA TITAN Xp COLLECTORS EDITION, 0 %, 0 %, 12196 MiB, 2335 MiB, 9861 MiB
2023/11/10 20:41:24.104, NVIDIA TITAN Xp COLLECTORS EDITION, 0 %, 0 %, 12196 MiB, 2335 MiB, 9861 MiB
2023/11/10 20:41:29.105, NVIDIA TITAN Xp COLLECTORS EDITION, 0 %, 0 %, 12196 MiB, 2335 MiB, 9861 MiB
2023/11/10 20:41:34.108, NVIDIA TITAN Xp COLLECTORS EDITION, 0 %, 0 %, 12196 MiB, 2335 MiB, 9861 MiB
2023/11/10 20:41:39.109, NVIDIA TITAN Xp COLLECTORS EDITION, 0 %, 0 %, 12196 MiB, 2335 MiB, 9861 MiB
2023/11/10 20:41:44.111, NVIDIA TITAN Xp COLLECTORS EDITION, 0 %, 0 %, 12196 MiB, 2335 MiB, 9861 MiB
2023/11/10 20:41:49.113, NVIDIA TITAN Xp COLLECTORS EDITION, 0 %, 0 %, 12196 MiB, 2335 MiB, 9861 MiB
2023/11/10 20:41:54.114, NVIDIA TITAN Xp COLLECTORS EDITION, 0 %, 0 %, 12196 MiB, 2335 MiB, 9861 MiB
2023/11/10 20:41:59.116, NVIDIA TITAN Xp COLLECTORS EDITION, 0 %, 0 %, 12196 MiB, 2335 MiB, 9861 MiB
2023/11/10 20:42:04.117, NVIDIA TITAN Xp COLLECTORS EDITION, 0 %, 0 %, 12196 MiB, 2335 MiB, 9861 MiB
2023/11/10 20:42:09.124, NVIDIA TITAN Xp COLLECTORS EDITION, 0 %, 0 %, 12196 MiB, 2335 MiB, 9861 MiB
2023/11/10 20:42:14.125, NVIDIA TITAN Xp COLLECTORS EDITION, 0 %, 0 %, 12196 MiB, 2335 MiB, 9861 MiB
2023/11/10 20:42:19.126, NVIDIA TITAN Xp COLLECTORS EDITION, 0 %, 0 %, 12196 MiB, 2335 MiB, 9861 MiB
2023/11/10 20:42:24.127, NVIDIA TITAN Xp COLLECTORS EDITION, 0 %, 0 %, 12196 MiB, 2335 MiB, 9861 MiB
2023/11/10 20:42:29.130, NVIDIA TITAN Xp COLLECTORS EDITION, 0 %, 0 %, 12196 MiB, 2335 MiB, 9861 MiB
2023/11/10 20:42:34.131, NVIDIA TITAN Xp COLLECTORS EDITION, 0 %, 0 %, 12196 MiB, 2335 MiB, 9861 MiB
2023/11/10 20:42:39.132, NVIDIA TITAN Xp COLLECTORS EDITION, 0 %, 0 %, 12196 MiB, 2335 MiB, 9861 MiB
2023/11/10 20:42:44.133, NVIDIA TITAN Xp COLLECTORS EDITION, 0 %, 0 %, 12196 MiB, 2335 MiB, 9861 MiB
2023/11/10 20:42:49.137, NVIDIA TITAN Xp COLLECTORS EDITION, 0 %, 0 %, 12196 MiB, 2335 MiB, 9861 MiB
2023/11/10 20:42:54.138, NVIDIA TITAN Xp COLLECTORS EDITION, 0 %, 0 %, 12196 MiB, 2335 MiB, 9861 MiB
2023/11/10 20:42:59.139, NVIDIA TITAN Xp COLLECTORS EDITION, 0 %, 0 %, 12196 MiB, 2335 MiB, 9861 MiB
2023/11/10 20:43:04.140, NVIDIA TITAN Xp COLLECTORS EDITION, 0 %, 0 %, 12196 MiB, 2335 MiB, 9861 MiB
2023/11/10 20:43:09.141, NVIDIA TITAN Xp COLLECTORS EDITION, 0 %, 0 %, 12196 MiB, 2335 MiB, 9861 MiB
2023/11/10 20:43:14.142, NVIDIA TITAN Xp COLLECTORS EDITION, 0 %, 0 %, 12196 MiB, 2335 MiB, 9861 MiB
2023/11/10 20:43:19.143, NVIDIA TITAN Xp COLLECTORS EDITION, 0 %, 0 %, 12196 MiB, 2335 MiB, 9861 MiB
2023/11/10 20:43:24.150, NVIDIA TITAN Xp COLLECTORS EDITION, 0 %, 0 %, 12196 MiB, 2335 MiB, 9861 MiB
2023/11/10 20:43:29.151, NVIDIA TITAN Xp COLLECTORS EDITION, 0 %, 0 %, 12196 MiB, 2335 MiB, 9861 MiB
2023/11/10 20:43:34.152, NVIDIA TITAN Xp COLLECTORS EDITION, 0 %, 0 %, 12196 MiB, 2335 MiB, 9861 MiB
2023/11/10 20:43:39.155, NVIDIA TITAN Xp COLLECTORS EDITION, 0 %, 0 %, 12196 MiB, 2335 MiB, 9861 MiB
2023/11/10 20:43:44.157, NVIDIA TITAN Xp COLLECTORS EDITION, 0 %, 0 %, 12196 MiB, 2335 MiB, 9861 MiB
2023/11/10 20:43:49.158, NVIDIA TITAN Xp COLLECTORS EDITION, 0 %, 0 %, 12196 MiB, 2335 MiB, 9861 MiB
2023/11/10 20:43:54.164, NVIDIA TITAN Xp COLLECTORS EDITION, 0 %, 0 %, 12196 MiB, 2335 MiB, 9861 MiB
2023/11/10 20:43:59.165, NVIDIA TITAN Xp COLLECTORS EDITION, 0 %, 0 %, 12196 MiB, 2335 MiB, 9861 MiB
2023/11/10 20:44:04.167, NVIDIA TITAN Xp COLLECTORS EDITION, 0 %, 0 %, 12196 MiB, 2335 MiB, 9861 MiB
2023/11/10 20:44:09.168, NVIDIA TITAN Xp COLLECTORS EDITION, 0 %, 0 %, 12196 MiB, 2335 MiB, 9861 MiB
2023/11/10 20:44:14.169, NVIDIA TITAN Xp COLLECTORS EDITION, 0 %, 0 %, 12196 MiB, 2335 MiB, 9861 MiB
2023/11/10 20:44:19.170, NVIDIA TITAN Xp COLLECTORS EDITION, 0 %, 0 %, 12196 MiB, 2335 MiB, 9861 MiB
2023/11/10 20:44:24.173, NVIDIA TITAN Xp COLLECTORS EDITION, 0 %, 0 %, 12196 MiB, 2335 MiB, 9861 MiB
2023/11/10 20:44:29.174, NVIDIA TITAN Xp COLLECTORS EDITION, 0 %, 0 %, 12196 MiB, 2335 MiB, 9861 MiB
2023/11/10 20:44:34.175, NVIDIA TITAN Xp COLLECTORS EDITION, 0 %, 0 %, 12196 MiB, 2335 MiB, 9861 MiB
2023/11/10 20:44:39.176, NVIDIA TITAN Xp COLLECTORS EDITION, 0 %, 0 %, 12196 MiB, 2335 MiB, 9861 MiB
2023/11/10 20:44:44.186, NVIDIA TITAN Xp COLLECTORS EDITION, 0 %, 0 %, 12196 MiB, 2335 MiB, 9861 MiB
2023/11/10 20:44:49.187, NVIDIA TITAN Xp COLLECTORS EDITION, 0 %, 0 %, 12196 MiB, 2335 MiB, 9861 MiB
2023/11/10 20:44:54.188, NVIDIA TITAN Xp COLLECTORS EDITION, 0 %, 0 %, 12196 MiB, 2335 MiB, 9861 MiB
2023/11/10 20:44:59.191, NVIDIA TITAN Xp COLLECTORS EDITION, 0 %, 0 %, 12196 MiB, 2335 MiB, 9861 MiB
2023/11/10 20:45:04.852, NVIDIA TITAN Xp COLLECTORS EDITION, 0 %, 0 %, 12196 MiB, 2335 MiB, 9861 MiB
2023/11/10 20:45:09.853, NVIDIA TITAN Xp COLLECTORS EDITION, 0 %, 0 %, 12196 MiB, 2335 MiB, 9861 MiB
2023/11/10 20:45:15.202, NVIDIA TITAN Xp COLLECTORS EDITION, 0 %, 0 %, 12196 MiB, 2335 MiB, 9861 MiB
2023/11/10 20:45:20.203, NVIDIA TITAN Xp COLLECTORS EDITION, 0 %, 0 %, 12196 MiB, 2335 MiB, 9861 MiB
2023/11/10 20:45:25.204, NVIDIA TITAN Xp COLLECTORS EDITION, 0 %, 0 %, 12196 MiB, 2335 MiB, 9861 MiB
2023/11/10 20:45:30.205, NVIDIA TITAN Xp COLLECTORS EDITION, 0 %, 0 %, 12196 MiB, 2335 MiB, 9861 MiB
2023/11/10 20:45:35.206, NVIDIA TITAN Xp COLLECTORS EDITION, 0 %, 0 %, 12196 MiB, 2335 MiB, 9861 MiB
2023/11/10 20:45:40.218, NVIDIA TITAN Xp COLLECTORS EDITION, 0 %, 0 %, 12196 MiB, 2335 MiB, 9861 MiB
2023/11/10 20:45:45.219, NVIDIA TITAN Xp COLLECTORS EDITION, 0 %, 0 %, 12196 MiB, 2335 MiB, 9861 MiB
2023/11/10 20:45:50.220, NVIDIA TITAN Xp COLLECTORS EDITION, 0 %, 0 %, 12196 MiB, 2335 MiB, 9861 MiB
2023/11/10 20:45:55.221, NVIDIA TITAN Xp COLLECTORS EDITION, 0 %, 0 %, 12196 MiB, 2335 MiB, 9861 MiB
2023/11/10 20:46:00.222, NVIDIA TITAN Xp COLLECTORS EDITION, 0 %, 0 %, 12196 MiB, 2335 MiB, 9861 MiB
2023/11/10 20:46:05.224, NVIDIA TITAN Xp COLLECTORS EDITION, 0 %, 0 %, 12196 MiB, 2335 MiB, 9861 MiB
2023/11/10 20:46:10.225, NVIDIA TITAN Xp COLLECTORS EDITION, 0 %, 0 %, 12196 MiB, 2335 MiB, 9861 MiB
2023/11/10 20:46:15.226, NVIDIA TITAN Xp COLLECTORS EDITION, 0 %, 0 %, 12196 MiB, 2335 MiB, 9861 MiB
2023/11/10 20:46:20.227, NVIDIA TITAN Xp COLLECTORS EDITION, 0 %, 0 %, 12196 MiB, 2335 MiB, 9861 MiB
2023/11/10 20:46:25.228, NVIDIA TITAN Xp COLLECTORS EDITION, 0 %, 0 %, 12196 MiB, 2335 MiB, 9861 MiB
2023/11/10 20:46:30.229, NVIDIA TITAN Xp COLLECTORS EDITION, 0 %, 0 %, 12196 MiB, 2335 MiB, 9861 MiB
2023/11/10 20:46:35.230, NVIDIA TITAN Xp COLLECTORS EDITION, 0 %, 0 %, 12196 MiB, 2335 MiB, 9861 MiB
2023/11/10 20:46:40.231, NVIDIA TITAN Xp COLLECTORS EDITION, 0 %, 0 %, 12196 MiB, 2335 MiB, 9861 MiB
2023/11/10 20:46:45.232, NVIDIA TITAN Xp COLLECTORS EDITION, 0 %, 0 %, 12196 MiB, 2335 MiB, 9861 MiB
2023/11/10 20:46:50.236, NVIDIA TITAN Xp COLLECTORS EDITION, 0 %, 0 %, 12196 MiB, 2335 MiB, 9861 MiB
2023/11/10 20:46:55.237, NVIDIA TITAN Xp COLLECTORS EDITION, 0 %, 0 %, 12196 MiB, 2335 MiB, 9861 MiB
2023/11/10 20:47:00.238, NVIDIA TITAN Xp COLLECTORS EDITION, 0 %, 0 %, 12196 MiB, 2335 MiB, 9861 MiB
2023/11/10 20:47:05.239, NVIDIA TITAN Xp COLLECTORS EDITION, 0 %, 0 %, 12196 MiB, 2335 MiB, 9861 MiB
2023/11/10 20:47:10.240, NVIDIA TITAN Xp COLLECTORS EDITION, 0 %, 0 %, 12196 MiB, 2335 MiB, 9861 MiB
2023/11/10 20:47:15.242, NVIDIA TITAN Xp COLLECTORS EDITION, 0 %, 0 %, 12196 MiB, 2335 MiB, 9861 MiB
2023/11/10 20:47:20.243, NVIDIA TITAN Xp COLLECTORS EDITION, 0 %, 0 %, 12196 MiB, 2335 MiB, 9861 MiB
2023/11/10 20:47:25.244, NVIDIA TITAN Xp COLLECTORS EDITION, 0 %, 0 %, 12196 MiB, 2335 MiB, 9861 MiB
2023/11/10 20:47:30.245, NVIDIA TITAN Xp COLLECTORS EDITION, 0 %, 0 %, 12196 MiB, 2335 MiB, 9861 MiB
2023/11/10 20:47:35.246, NVIDIA TITAN Xp COLLECTORS EDITION, 0 %, 0 %, 12196 MiB, 2335 MiB, 9861 MiB
2023/11/10 20:47:40.247, NVIDIA TITAN Xp COLLECTORS EDITION, 0 %, 0 %, 12196 MiB, 2335 MiB, 9861 MiB
2023/11/10 20:47:45.248, NVIDIA TITAN Xp COLLECTORS EDITION, 0 %, 0 %, 12196 MiB, 2335 MiB, 9861 MiB
2023/11/10 20:47:50.252, NVIDIA TITAN Xp COLLECTORS EDITION, 0 %, 0 %, 12196 MiB, 2335 MiB, 9861 MiB
2023/11/10 20:47:55.253, NVIDIA TITAN Xp COLLECTORS EDITION, 0 %, 0 %, 12196 MiB, 2335 MiB, 9861 MiB
2023/11/10 20:48:00.254, NVIDIA TITAN Xp COLLECTORS EDITION, 0 %, 0 %, 12196 MiB, 2335 MiB, 9861 MiB
2023/11/10 20:48:05.255, NVIDIA TITAN Xp COLLECTORS EDITION, 0 %, 0 %, 12196 MiB, 2335 MiB, 9861 MiB
2023/11/10 20:48:10.256, NVIDIA TITAN Xp COLLECTORS EDITION, 0 %, 0 %, 12196 MiB, 2335 MiB, 9861 MiB
2023/11/10 20:48:15.257, NVIDIA TITAN Xp COLLECTORS EDITION, 0 %, 0 %, 12196 MiB, 2335 MiB, 9861 MiB
2023/11/10 20:48:20.258, NVIDIA TITAN Xp COLLECTORS EDITION, 0 %, 0 %, 12196 MiB, 2335 MiB, 9861 MiB
2023/11/10 20:48:25.259, NVIDIA TITAN Xp COLLECTORS EDITION, 0 %, 0 %, 12196 MiB, 2335 MiB, 9861 MiB
2023/11/10 20:48:30.260, NVIDIA TITAN Xp COLLECTORS EDITION, 0 %, 0 %, 12196 MiB, 2335 MiB, 9861 MiB
2023/11/10 20:48:35.262, NVIDIA TITAN Xp COLLECTORS EDITION, 0 %, 0 %, 12196 MiB, 2335 MiB, 9861 MiB
2023/11/10 20:48:40.263, NVIDIA TITAN Xp COLLECTORS EDITION, 0 %, 0 %, 12196 MiB, 2335 MiB, 9861 MiB
2023/11/10 20:48:45.264, NVIDIA TITAN Xp COLLECTORS EDITION, 0 %, 0 %, 12196 MiB, 2335 MiB, 9861 MiB
2023/11/10 20:48:50.265, NVIDIA TITAN Xp COLLECTORS EDITION, 0 %, 0 %, 12196 MiB, 2335 MiB, 9861 MiB
2023/11/10 20:48:55.269, NVIDIA TITAN Xp COLLECTORS EDITION, 0 %, 0 %, 12196 MiB, 2335 MiB, 9861 MiB
2023/11/10 20:49:00.270, NVIDIA TITAN Xp COLLECTORS EDITION, 0 %, 0 %, 12196 MiB, 2335 MiB, 9861 MiB
2023/11/10 20:49:05.271, NVIDIA TITAN Xp COLLECTORS EDITION, 0 %, 0 %, 12196 MiB, 2335 MiB, 9861 MiB
2023/11/10 20:49:10.272, NVIDIA TITAN Xp COLLECTORS EDITION, 0 %, 0 %, 12196 MiB, 2335 MiB, 9861 MiB
2023/11/10 20:49:15.273, NVIDIA TITAN Xp COLLECTORS EDITION, 0 %, 0 %, 12196 MiB, 2335 MiB, 9861 MiB
2023/11/10 20:49:20.274, NVIDIA TITAN Xp COLLECTORS EDITION, 0 %, 0 %, 12196 MiB, 2335 MiB, 9861 MiB
2023/11/10 20:49:25.277, NVIDIA TITAN Xp COLLECTORS EDITION, 0 %, 0 %, 12196 MiB, 2335 MiB, 9861 MiB
2023/11/10 20:49:30.278, NVIDIA TITAN Xp COLLECTORS EDITION, 0 %, 0 %, 12196 MiB, 2335 MiB, 9861 MiB
2023/11/10 20:49:35.279, NVIDIA TITAN Xp COLLECTORS EDITION, 0 %, 0 %, 12196 MiB, 2335 MiB, 9861 MiB
2023/11/10 20:49:40.280, NVIDIA TITAN Xp COLLECTORS EDITION, 0 %, 0 %, 12196 MiB, 2335 MiB, 9861 MiB
2023/11/10 20:49:45.290, NVIDIA TITAN Xp COLLECTORS EDITION, 0 %, 0 %, 12196 MiB, 2335 MiB, 9861 MiB
2023/11/10 20:49:50.291, NVIDIA TITAN Xp COLLECTORS EDITION, 0 %, 0 %, 12196 MiB, 2335 MiB, 9861 MiB
2023/11/10 20:49:55.292, NVIDIA TITAN Xp COLLECTORS EDITION, 0 %, 0 %, 12196 MiB, 2335 MiB, 9861 MiB
2023/11/10 20:50:00.293, NVIDIA TITAN Xp COLLECTORS EDITION, 0 %, 0 %, 12196 MiB, 2335 MiB, 9861 MiB
2023/11/10 20:50:05.294, NVIDIA TITAN Xp COLLECTORS EDITION, 0 %, 0 %, 12196 MiB, 2335 MiB, 9861 MiB
2023/11/10 20:50:10.295, NVIDIA TITAN Xp COLLECTORS EDITION, 0 %, 0 %, 12196 MiB, 2335 MiB, 9861 MiB
2023/11/10 20:50:15.306, NVIDIA TITAN Xp COLLECTORS EDITION, 0 %, 0 %, 12196 MiB, 2335 MiB, 9861 MiB
2023/11/10 20:50:20.307, NVIDIA TITAN Xp COLLECTORS EDITION, 0 %, 0 %, 12196 MiB, 2335 MiB, 9861 MiB
2023/11/10 20:50:25.313, NVIDIA TITAN Xp COLLECTORS EDITION, 0 %, 0 %, 12196 MiB, 2335 MiB, 9861 MiB
2023/11/10 20:50:30.316, NVIDIA TITAN Xp COLLECTORS EDITION, 0 %, 0 %, 12196 MiB, 2335 MiB, 9861 MiB
2023/11/10 20:50:35.321, NVIDIA TITAN Xp COLLECTORS EDITION, 0 %, 0 %, 12196 MiB, 2335 MiB, 9861 MiB
2023/11/10 20:50:40.322, NVIDIA TITAN Xp COLLECTORS EDITION, 0 %, 0 %, 12196 MiB, 2335 MiB, 9861 MiB
2023/11/10 20:50:45.323, NVIDIA TITAN Xp COLLECTORS EDITION, 0 %, 0 %, 12196 MiB, 2335 MiB, 9861 MiB
2023/11/10 20:50:50.325, NVIDIA TITAN Xp COLLECTORS EDITION, 0 %, 0 %, 12196 MiB, 2335 MiB, 9861 MiB
2023/11/10 20:50:55.328, NVIDIA TITAN Xp COLLECTORS EDITION, 0 %, 0 %, 12196 MiB, 2335 MiB, 9861 MiB
2023/11/10 20:51:00.329, NVIDIA TITAN Xp COLLECTORS EDITION, 0 %, 0 %, 12196 MiB, 2335 MiB, 9861 MiB
2023/11/10 20:51:05.330, NVIDIA TITAN Xp COLLECTORS EDITION, 0 %, 0 %, 12196 MiB, 2335 MiB, 9861 MiB
2023/11/10 20:51:10.340, NVIDIA TITAN Xp COLLECTORS EDITION, 0 %, 0 %, 12196 MiB, 2335 MiB, 9861 MiB
2023/11/10 20:51:15.341, NVIDIA TITAN Xp COLLECTORS EDITION, 0 %, 0 %, 12196 MiB, 2335 MiB, 9861 MiB
2023/11/10 20:51:20.342, NVIDIA TITAN Xp COLLECTORS EDITION, 0 %, 0 %, 12196 MiB, 2335 MiB, 9861 MiB
2023/11/10 20:51:25.343, NVIDIA TITAN Xp COLLECTORS EDITION, 0 %, 0 %, 12196 MiB, 2335 MiB, 9861 MiB
2023/11/10 20:51:30.344, NVIDIA TITAN Xp COLLECTORS EDITION, 0 %, 0 %, 12196 MiB, 2335 MiB, 9861 MiB
2023/11/10 20:51:35.345, NVIDIA TITAN Xp COLLECTORS EDITION, 0 %, 0 %, 12196 MiB, 2335 MiB, 9861 MiB
2023/11/10 20:51:40.346, NVIDIA TITAN Xp COLLECTORS EDITION, 0 %, 0 %, 12196 MiB, 2335 MiB, 9861 MiB
2023/11/10 20:51:45.347, NVIDIA TITAN Xp COLLECTORS EDITION, 0 %, 0 %, 12196 MiB, 2335 MiB, 9861 MiB
2023/11/10 20:51:50.348, NVIDIA TITAN Xp COLLECTORS EDITION, 0 %, 0 %, 12196 MiB, 2335 MiB, 9861 MiB
2023/11/10 20:51:55.349, NVIDIA TITAN Xp COLLECTORS EDITION, 0 %, 0 %, 12196 MiB, 2335 MiB, 9861 MiB
2023/11/10 20:52:00.350, NVIDIA TITAN Xp COLLECTORS EDITION, 0 %, 0 %, 12196 MiB, 2335 MiB, 9861 MiB
2023/11/10 20:52:05.352, NVIDIA TITAN Xp COLLECTORS EDITION, 0 %, 0 %, 12196 MiB, 2335 MiB, 9861 MiB
2023/11/10 20:52:10.353, NVIDIA TITAN Xp COLLECTORS EDITION, 0 %, 0 %, 12196 MiB, 2335 MiB, 9861 MiB
2023/11/10 20:52:15.354, NVIDIA TITAN Xp COLLECTORS EDITION, 0 %, 0 %, 12196 MiB, 2335 MiB, 9861 MiB
2023/11/10 20:52:20.361, NVIDIA TITAN Xp COLLECTORS EDITION, 0 %, 0 %, 12196 MiB, 2335 MiB, 9861 MiB
2023/11/10 20:52:25.362, NVIDIA TITAN Xp COLLECTORS EDITION, 0 %, 0 %, 12196 MiB, 2335 MiB, 9861 MiB
2023/11/10 20:52:30.365, NVIDIA TITAN Xp COLLECTORS EDITION, 0 %, 0 %, 12196 MiB, 2335 MiB, 9861 MiB
2023/11/10 20:52:35.368, NVIDIA TITAN Xp COLLECTORS EDITION, 0 %, 0 %, 12196 MiB, 2335 MiB, 9861 MiB
2023/11/10 20:52:40.369, NVIDIA TITAN Xp COLLECTORS EDITION, 0 %, 0 %, 12196 MiB, 2335 MiB, 9861 MiB
2023/11/10 20:52:45.374, NVIDIA TITAN Xp COLLECTORS EDITION, 0 %, 0 %, 12196 MiB, 2335 MiB, 9861 MiB
2023/11/10 20:52:50.431, NVIDIA TITAN Xp COLLECTORS EDITION, 0 %, 0 %, 12196 MiB, 2335 MiB, 9861 MiB
2023/11/10 20:52:55.432, NVIDIA TITAN Xp COLLECTORS EDITION, 0 %, 0 %, 12196 MiB, 2335 MiB, 9861 MiB
2023/11/10 20:53:00.434, NVIDIA TITAN Xp COLLECTORS EDITION, 0 %, 0 %, 12196 MiB, 2335 MiB, 9861 MiB
2023/11/10 20:53:05.438, NVIDIA TITAN Xp COLLECTORS EDITION, 0 %, 0 %, 12196 MiB, 2335 MiB, 9861 MiB
2023/11/10 20:53:10.440, NVIDIA TITAN Xp COLLECTORS EDITION, 0 %, 0 %, 12196 MiB, 2335 MiB, 9861 MiB
2023/11/10 20:53:15.441, NVIDIA TITAN Xp COLLECTORS EDITION, 0 %, 0 %, 12196 MiB, 2335 MiB, 9861 MiB
2023/11/10 20:53:20.442, NVIDIA TITAN Xp COLLECTORS EDITION, 0 %, 0 %, 12196 MiB, 2335 MiB, 9861 MiB
2023/11/10 20:53:25.443, NVIDIA TITAN Xp COLLECTORS EDITION, 0 %, 0 %, 12196 MiB, 2335 MiB, 9861 MiB
2023/11/10 20:53:30.446, NVIDIA TITAN Xp COLLECTORS EDITION, 0 %, 0 %, 12196 MiB, 2335 MiB, 9861 MiB
2023/11/10 20:53:35.449, NVIDIA TITAN Xp COLLECTORS EDITION, 0 %, 0 %, 12196 MiB, 2335 MiB, 9861 MiB
2023/11/10 20:53:40.450, NVIDIA TITAN Xp COLLECTORS EDITION, 0 %, 0 %, 12196 MiB, 2335 MiB, 9861 MiB
2023/11/10 20:53:45.451, NVIDIA TITAN Xp COLLECTORS EDITION, 0 %, 0 %, 12196 MiB, 2335 MiB, 9861 MiB
2023/11/10 20:53:50.452, NVIDIA TITAN Xp COLLECTORS EDITION, 0 %, 0 %, 12196 MiB, 2335 MiB, 9861 MiB
2023/11/10 20:53:55.453, NVIDIA TITAN Xp COLLECTORS EDITION, 0 %, 0 %, 12196 MiB, 2335 MiB, 9861 MiB
2023/11/10 20:54:00.457, NVIDIA TITAN Xp COLLECTORS EDITION, 0 %, 0 %, 12196 MiB, 2335 MiB, 9861 MiB
2023/11/10 20:54:05.464, NVIDIA TITAN Xp COLLECTORS EDITION, 0 %, 0 %, 12196 MiB, 2335 MiB, 9861 MiB
2023/11/10 20:54:10.465, NVIDIA TITAN Xp COLLECTORS EDITION, 0 %, 0 %, 12196 MiB, 2335 MiB, 9861 MiB
2023/11/10 20:54:15.466, NVIDIA TITAN Xp COLLECTORS EDITION, 0 %, 0 %, 12196 MiB, 2335 MiB, 9861 MiB
2023/11/10 20:54:20.467, NVIDIA TITAN Xp COLLECTORS EDITION, 0 %, 0 %, 12196 MiB, 2335 MiB, 9861 MiB
2023/11/10 20:54:25.470, NVIDIA TITAN Xp COLLECTORS EDITION, 0 %, 0 %, 12196 MiB, 2335 MiB, 9861 MiB
2023/11/10 20:54:30.471, NVIDIA TITAN Xp COLLECTORS EDITION, 0 %, 0 %, 12196 MiB, 2335 MiB, 9861 MiB
2023/11/10 20:54:35.475, NVIDIA TITAN Xp COLLECTORS EDITION, 0 %, 0 %, 12196 MiB, 2335 MiB, 9861 MiB
2023/11/10 20:54:40.476, NVIDIA TITAN Xp COLLECTORS EDITION, 0 %, 0 %, 12196 MiB, 2335 MiB, 9861 MiB
2023/11/10 20:54:45.479, NVIDIA TITAN Xp COLLECTORS EDITION, 0 %, 0 %, 12196 MiB, 2335 MiB, 9861 MiB
2023/11/10 20:54:50.480, NVIDIA TITAN Xp COLLECTORS EDITION, 0 %, 0 %, 12196 MiB, 2335 MiB, 9861 MiB
2023/11/10 20:54:55.484, NVIDIA TITAN Xp COLLECTORS EDITION, 0 %, 0 %, 12196 MiB, 2335 MiB, 9861 MiB
2023/11/10 20:55:00.486, NVIDIA TITAN Xp COLLECTORS EDITION, 0 %, 0 %, 12196 MiB, 2335 MiB, 9861 MiB
2023/11/10 20:55:05.487, NVIDIA TITAN Xp COLLECTORS EDITION, 0 %, 0 %, 12196 MiB, 2335 MiB, 9861 MiB
2023/11/10 20:55:10.490, NVIDIA TITAN Xp COLLECTORS EDITION, 0 %, 0 %, 12196 MiB, 2335 MiB, 9861 MiB
2023/11/10 20:55:15.491, NVIDIA TITAN Xp COLLECTORS EDITION, 0 %, 0 %, 12196 MiB, 2335 MiB, 9861 MiB
2023/11/10 20:55:20.492, NVIDIA TITAN Xp COLLECTORS EDITION, 0 %, 0 %, 12196 MiB, 2335 MiB, 9861 MiB
2023/11/10 20:55:25.493, NVIDIA TITAN Xp COLLECTORS EDITION, 0 %, 0 %, 12196 MiB, 2335 MiB, 9861 MiB
2023/11/10 20:55:30.498, NVIDIA TITAN Xp COLLECTORS EDITION, 0 %, 0 %, 12196 MiB, 2335 MiB, 9861 MiB
2023/11/10 20:55:35.499, NVIDIA TITAN Xp COLLECTORS EDITION, 0 %, 0 %, 12196 MiB, 2335 MiB, 9861 MiB
2023/11/10 20:55:40.500, NVIDIA TITAN Xp COLLECTORS EDITION, 0 %, 0 %, 12196 MiB, 2335 MiB, 9861 MiB
2023/11/10 20:55:45.501, NVIDIA TITAN Xp COLLECTORS EDITION, 0 %, 0 %, 12196 MiB, 2335 MiB, 9861 MiB
2023/11/10 20:55:50.502, NVIDIA TITAN Xp COLLECTORS EDITION, 0 %, 0 %, 12196 MiB, 2335 MiB, 9861 MiB
2023/11/10 20:55:55.507, NVIDIA TITAN Xp COLLECTORS EDITION, 0 %, 0 %, 12196 MiB, 2335 MiB, 9861 MiB
2023/11/10 20:56:00.507, NVIDIA TITAN Xp COLLECTORS EDITION, 0 %, 0 %, 12196 MiB, 2335 MiB, 9861 MiB
2023/11/10 20:56:05.509, NVIDIA TITAN Xp COLLECTORS EDITION, 0 %, 0 %, 12196 MiB, 2335 MiB, 9861 MiB
2023/11/10 20:56:10.510, NVIDIA TITAN Xp COLLECTORS EDITION, 0 %, 0 %, 12196 MiB, 2335 MiB, 9861 MiB
2023/11/10 20:56:15.515, NVIDIA TITAN Xp COLLECTORS EDITION, 0 %, 0 %, 12196 MiB, 2335 MiB, 9861 MiB
2023/11/10 20:56:20.517, NVIDIA TITAN Xp COLLECTORS EDITION, 0 %, 0 %, 12196 MiB, 2335 MiB, 9861 MiB
2023/11/10 20:56:25.521, NVIDIA TITAN Xp COLLECTORS EDITION, 0 %, 0 %, 12196 MiB, 2335 MiB, 9861 MiB
2023/11/10 20:56:30.533, NVIDIA TITAN Xp COLLECTORS EDITION, 0 %, 0 %, 12196 MiB, 2335 MiB, 9861 MiB
2023/11/10 20:56:35.534, NVIDIA TITAN Xp COLLECTORS EDITION, 0 %, 0 %, 12196 MiB, 2335 MiB, 9861 MiB
2023/11/10 20:56:40.535, NVIDIA TITAN Xp COLLECTORS EDITION, 0 %, 0 %, 12196 MiB, 2335 MiB, 9861 MiB
2023/11/10 20:56:45.538, NVIDIA TITAN Xp COLLECTORS EDITION, 0 %, 0 %, 12196 MiB, 2335 MiB, 9861 MiB
2023/11/10 20:56:50.539, NVIDIA TITAN Xp COLLECTORS EDITION, 0 %, 0 %, 12196 MiB, 2335 MiB, 9861 MiB
2023/11/10 20:56:55.543, NVIDIA TITAN Xp COLLECTORS EDITION, 0 %, 0 %, 12196 MiB, 2335 MiB, 9861 MiB
2023/11/10 20:57:00.547, NVIDIA TITAN Xp COLLECTORS EDITION, 0 %, 0 %, 12196 MiB, 2335 MiB, 9861 MiB
2023/11/10 20:57:05.548, NVIDIA TITAN Xp COLLECTORS EDITION, 0 %, 0 %, 12196 MiB, 2335 MiB, 9861 MiB
2023/11/10 20:57:10.549, NVIDIA TITAN Xp COLLECTORS EDITION, 0 %, 0 %, 12196 MiB, 2335 MiB, 9861 MiB
2023/11/10 20:57:15.551, NVIDIA TITAN Xp COLLECTORS EDITION, 0 %, 0 %, 12196 MiB, 2335 MiB, 9861 MiB
2023/11/10 20:57:20.552, NVIDIA TITAN Xp COLLECTORS EDITION, 0 %, 0 %, 12196 MiB, 2335 MiB, 9861 MiB
2023/11/10 20:57:25.554, NVIDIA TITAN Xp COLLECTORS EDITION, 0 %, 0 %, 12196 MiB, 2335 MiB, 9861 MiB
2023/11/10 20:57:30.556, NVIDIA TITAN Xp COLLECTORS EDITION, 0 %, 0 %, 12196 MiB, 2335 MiB, 9861 MiB
2023/11/10 20:57:35.568, NVIDIA TITAN Xp COLLECTORS EDITION, 0 %, 0 %, 12196 MiB, 2335 MiB, 9861 MiB
2023/11/10 20:57:40.570, NVIDIA TITAN Xp COLLECTORS EDITION, 0 %, 0 %, 12196 MiB, 2335 MiB, 9861 MiB
2023/11/10 20:57:45.571, NVIDIA TITAN Xp COLLECTORS EDITION, 0 %, 0 %, 12196 MiB, 2335 MiB, 9861 MiB
2023/11/10 20:57:50.573, NVIDIA TITAN Xp COLLECTORS EDITION, 0 %, 0 %, 12196 MiB, 2335 MiB, 9861 MiB
2023/11/10 20:57:55.574, NVIDIA TITAN Xp COLLECTORS EDITION, 0 %, 0 %, 12196 MiB, 2335 MiB, 9861 MiB
2023/11/10 20:58:00.575, NVIDIA TITAN Xp COLLECTORS EDITION, 0 %, 0 %, 12196 MiB, 2335 MiB, 9861 MiB
2023/11/10 20:58:05.580, NVIDIA TITAN Xp COLLECTORS EDITION, 0 %, 0 %, 12196 MiB, 2335 MiB, 9861 MiB
2023/11/10 20:58:10.584, NVIDIA TITAN Xp COLLECTORS EDITION, 0 %, 0 %, 12196 MiB, 2335 MiB, 9861 MiB
2023/11/10 20:58:15.589, NVIDIA TITAN Xp COLLECTORS EDITION, 0 %, 0 %, 12196 MiB, 2335 MiB, 9861 MiB
2023/11/10 20:58:20.591, NVIDIA TITAN Xp COLLECTORS EDITION, 0 %, 0 %, 12196 MiB, 2335 MiB, 9861 MiB
2023/11/10 20:58:25.593, NVIDIA TITAN Xp COLLECTORS EDITION, 0 %, 0 %, 12196 MiB, 2335 MiB, 9861 MiB
2023/11/10 20:58:30.594, NVIDIA TITAN Xp COLLECTORS EDITION, 0 %, 0 %, 12196 MiB, 2335 MiB, 9861 MiB
2023/11/10 20:58:35.595, NVIDIA TITAN Xp COLLECTORS EDITION, 0 %, 0 %, 12196 MiB, 2335 MiB, 9861 MiB
2023/11/10 20:58:40.599, NVIDIA TITAN Xp COLLECTORS EDITION, 0 %, 0 %, 12196 MiB, 2335 MiB, 9861 MiB
2023/11/10 20:58:45.600, NVIDIA TITAN Xp COLLECTORS EDITION, 0 %, 0 %, 12196 MiB, 2335 MiB, 9861 MiB
2023/11/10 20:58:50.601, NVIDIA TITAN Xp COLLECTORS EDITION, 0 %, 0 %, 12196 MiB, 2335 MiB, 9861 MiB
2023/11/10 20:58:55.602, NVIDIA TITAN Xp COLLECTORS EDITION, 0 %, 0 %, 12196 MiB, 2335 MiB, 9861 MiB
2023/11/10 20:59:00.604, NVIDIA TITAN Xp COLLECTORS EDITION, 0 %, 0 %, 12196 MiB, 2335 MiB, 9861 MiB
2023/11/10 20:59:05.605, NVIDIA TITAN Xp COLLECTORS EDITION, 0 %, 0 %, 12196 MiB, 2335 MiB, 9861 MiB
2023/11/10 20:59:10.613, NVIDIA TITAN Xp COLLECTORS EDITION, 0 %, 0 %, 12196 MiB, 2335 MiB, 9861 MiB
2023/11/10 20:59:15.614, NVIDIA TITAN Xp COLLECTORS EDITION, 0 %, 0 %, 12196 MiB, 2335 MiB, 9861 MiB
2023/11/10 20:59:20.615, NVIDIA TITAN Xp COLLECTORS EDITION, 0 %, 0 %, 12196 MiB, 2335 MiB, 9861 MiB
2023/11/10 20:59:25.616, NVIDIA TITAN Xp COLLECTORS EDITION, 0 %, 0 %, 12196 MiB, 2335 MiB, 9861 MiB
2023/11/10 20:59:30.617, NVIDIA TITAN Xp COLLECTORS EDITION, 0 %, 0 %, 12196 MiB, 2335 MiB, 9861 MiB
2023/11/10 20:59:35.618, NVIDIA TITAN Xp COLLECTORS EDITION, 0 %, 0 %, 12196 MiB, 2335 MiB, 9861 MiB
2023/11/10 20:59:40.619, NVIDIA TITAN Xp COLLECTORS EDITION, 0 %, 0 %, 12196 MiB, 2335 MiB, 9861 MiB
2023/11/10 20:59:45.620, NVIDIA TITAN Xp COLLECTORS EDITION, 0 %, 0 %, 12196 MiB, 2335 MiB, 9861 MiB
2023/11/10 20:59:50.622, NVIDIA TITAN Xp COLLECTORS EDITION, 0 %, 0 %, 12196 MiB, 2335 MiB, 9861 MiB
2023/11/10 20:59:55.623, NVIDIA TITAN Xp COLLECTORS EDITION, 0 %, 0 %, 12196 MiB, 2335 MiB, 9861 MiB
2023/11/10 21:00:00.624, NVIDIA TITAN Xp COLLECTORS EDITION, 0 %, 0 %, 12196 MiB, 2335 MiB, 9861 MiB
2023/11/10 21:00:05.627, NVIDIA TITAN Xp COLLECTORS EDITION, 0 %, 0 %, 12196 MiB, 2335 MiB, 9861 MiB
2023/11/10 21:00:10.630, NVIDIA TITAN Xp COLLECTORS EDITION, 0 %, 0 %, 12196 MiB, 2335 MiB, 9861 MiB
2023/11/10 21:00:15.631, NVIDIA TITAN Xp COLLECTORS EDITION, 0 %, 0 %, 12196 MiB, 2335 MiB, 9861 MiB
2023/11/10 21:00:20.643, NVIDIA TITAN Xp COLLECTORS EDITION, 0 %, 0 %, 12196 MiB, 2335 MiB, 9861 MiB
2023/11/10 21:00:25.644, NVIDIA TITAN Xp COLLECTORS EDITION, 0 %, 0 %, 12196 MiB, 2335 MiB, 9861 MiB
2023/11/10 21:00:30.645, NVIDIA TITAN Xp COLLECTORS EDITION, 0 %, 0 %, 12196 MiB, 2351 MiB, 9845 MiB
2023/11/10 21:00:35.646, NVIDIA TITAN Xp COLLECTORS EDITION, 0 %, 0 %, 12196 MiB, 2351 MiB, 9845 MiB
